Dirección;Número instalación;Municipio
CL 15 B CR 5 -36 (INTERIOR 301 );221015205000360301;BARBOSA
CL 20 CR 19 A -11;222110009100110000;BARBOSA
CR 5 CL 13 -19;221025003000190000;BARBOSA
CR 11 CL 16 -34 (INTERIOR 502 );221121006000340502;BARBOSA
CR 11 CL 16 -34 (INTERIOR 501 );221121006000340501;BARBOSA
CR 15 CL 21 -29 (INTERIOR 108 );222125001000290108;BARBOSA
CL 4 A CR 18 A -13 (INTERIOR 302 );220114108100130302;BARBOSA
CL 12 CR 7 -0 (INTERIOR 102 );221012007000000102;BARBOSA
AVDA 36 BB DIAG 42 DC -55;094336222430550000;BELLO
CR 45 CL 32 D -50 (INTERIOR 301 );093425002400500301;BELLO
AVDA 38 C DIAG 42 DD -2 (INTERIOR 201 );094338302440020201;BELLO
CR 63 A CL 77 -20 (INTERIOR 1504 );097623107000201504;BELLO
CL 64 CR 55 B -19 (INTERIOR 503 );096514005200190503;BELLO
AVDA 32 C DIAG 42 F -28;094332302600280000;BELLO
CR 64 CL 61 -75 (INTERIOR 303 );096624001000750303;BELLO
CR 57 A CL 70 -63;097527100000630000;BELLO
CR 49 B CL 26 B -50 (INTERIOR 606 );092429206200500606;BELLO
AVDA 26 DIAG 52 -140 (INTERIOR 802 );095236002001400802;BELLO
CL 43 CR 57 -18 (INTERIOR 301 );094513007000180301;BELLO
CR 45 CL 26 -162 (INTERIOR 1814 );092425006001621814;BELLO
AVDA 36 A DIAG 64 -42 (INTERIOR 301 );096336104000420301;BELLO
CR 49 B CL 26 B -50 (INTERIOR 2501 );092429206200502501;BELLO
DIAG 43 AVDA 34 E -20 (INTERIOR 438 );094373004500200438;BELLO
CL 58 CR 51 -53 (INTERIOR 307 );095518001000530307;BELLO
CR 45 CL 26 -162 (INTERIOR 321 );092425006001620321;BELLO
AVDA 21 B DIAG 57 -95;095231207000950000;BELLO
AVDA 21 B DIAG 57 AA -118 (INTERIOR 202 );095231207111180202;BELLO
CL 48 CR 53 A -22;094518003100220000;BELLO
AVDA 26 DIAG 52 -140 (INTERIOR 2304 );095236002001402304;BELLO
CL 67 A CR 57 A -40 (INTERIOR 301 );096517107100400301;BELLO
CL 50 CR 56 -21 (INTERIOR 301 );095510006000210301;BELLO
AVDA 31 DIAG 66 -29 (INTERIOR 814 );096331006000290814;BELLO
AVDA 33 DIAG 51 -101 (INTERIOR 501 );095333001001010501;BELLO
CL 40 C CR 58 C -16;094510308300160000;BELLO
AVDA 36 B DIAG 42 DA -31;094336202410310000;BELLO
AVDA 36 AA DIAG 42 D -9;094336112400090000;BELLO
AVDA 37 DIAG 45 -88;094337005000880000;BELLO
AVDA 31 DIAG 66 -29 (INTERIOR 1013 );096331006000291013;BELLO
CR 66 A CL 63 -38 (INTERIOR 201 );096626103000380201;BELLO
CL 32 A CR 50 -70;093512100000700000;BELLO
CL 50 CR 56 -21;095510006000210000;BELLO
AVDA 36 B DIAG 42 E -10 (INTERIOR 201 );094336202500100201;BELLO
DIAG 50 A AVDA 32 -200 (INTERIOR 2326 );095370102002002326;BELLO
CR 67 CL 72 -96;097627002000960000;BELLO
CR 67 CL 72 -94;097627002000940000;BELLO
DIAG 57 AVDA 44 -14 (INTERIOR 301 );095477004000140301;BELLO
AVDA 26 DIAG 52 -140 (INTERIOR 2205 );095236002001402205;BELLO
CL 56 CR 55 -54 (INTERIOR 201 );095516005000540201;BELLO
CL 63 CR 60 -13 (INTERIOR 302 );096613000000130302;BELLO
AVDA 34 DIAG 43 C -17 (INTERIOR 301 );094334003300170301;BELLO
CL 66 CR 59 -75 (INTERIOR 301 );096516009000750301;BELLO
DIAG 55 AVDA 45 A -21;095475005100210000;BELLO
CL 46 CR 50 -15 (INTERIOR 401 );094516000000150401;BELLO
CR 58 D CL 40 D -60 (INTERIOR 302 );094528400400600302;BELLO
CL 26 CR 43 -51 (INTERIOR 2509 );092416003000512509;BELLO
CL 33 CR 50 -105 (INTERIOR 101 );093513000001050101;BELLO
CR 63 CL 69 B -54 (INTERIOR 301 );096623009200540301;BELLO
CL 45 CR 48 A -23;094415008100230000;BELLO
CL 21 C CR 41 F -34 (INTERIOR 201 );092411301600340201;BELLO
CR 51 CL 45 -37;094521005000370000;BELLO
CR 60 CL 67 -30 (INTERIOR 201 );096620007000300201;BELLO
CL 21 C CR 41 -110 (INTERIOR 201 );092411301001100201;BELLO
AVDA 38 C DIAG 42 DD -66 (INTERIOR 401 );094338302440660401;BELLO
CR 53 CL 33 -34 (INTERIOR 101 );093523003000340101;BELLO
CR 50 CL 71 -32;097520001000320000;BELLO
CL 129 SUR CR 55 -103;002519005001030000;CALDAS
CL 129 SUR CR 55 -105;002519005001050000;CALDAS
CR 51 CL 117 B SUR -34 (INTERIOR 117 );001521007200340117;CALDAS
CL 130 SUR CR 44 B -14 (INTERIOR 301 );003410004200140301;CALDAS
CL 129 SUR CR 56 -9;002519006000090000;CALDAS
CR 48 CL 142 SUR -53 (INTERIOR 201 );004428002000530201;CALDAS
CR 49 CL 127 SUR -24 (INTERIOR 301 );002429007000240301;CALDAS
CR 50 CL 145 SUR -83 (INTERIOR 506 );004520005000830506;CALDAS
CL 129 SUR CR 56 -61 (INTERIOR 282 );002519006000610282;CALDAS
CR 48 CL 127 SUR -34;002428007000340000;CALDAS
CR 51 CL 131 SUR -38 (INTERIOR 603 );003521001000380603;CALDAS
CR 51 CL 131 SUR -38 (INTERIOR 302 );003521001000380302;CALDAS
CL 127 B SUR CR 54 -47;002517204000470000;CALDAS
CL 129 SUR CR 50 -44 (INTERIOR 403 );002519000000440403;CALDAS
CL 132 SUR CR 51 -46 (INTERIOR 104 );003512001000460104;CALDAS
CR 52 CL 139 C SUR -18;003522009300180000;CALDAS
CL 107 SUR CR 50 -99 (INTERIOR 707 );000517000000990707;CALDAS
CR 51 CL 131 SUR -38 (INTERIOR 206 );003521001000380206;CALDAS
DIAG 53 B CL 124 B SUR -132 (INTERIOR 103 );002573204201320103;CALDAS
CL 48 CR 61 -71 (INTERIOR 1702 );204618001000711702;COPACABANA
CR 60 A CL 49 A -32 (INTERIOR 202 );204620109100320202;COPACABANA
CR 63 CL 49 -4 (INTERIOR 68 );204623009000040068;COPACABANA
CL 49 CR 56 -15 (INTERIOR 201 );204519006000150201;COPACABANA
CR 50 CL 37 D -18;203520007400180000;COPACABANA
CR 27 C CL 23 SUR -51 (INTERIOR 187 );022227303000510187;ENVIGADO
CR 36 D CL 42 SUR -50 (INTERIOR 97 );024326402000500097;ENVIGADO
CL 27 SUR CR 28 -49 (INTERIOR 1103 );022217008000491103;ENVIGADO
CL 27 SUR CR 28 -270 (INTERIOR 703 );022217008002700703;ENVIGADO
CL 41 B SUR CR 34 -50 (INTERIOR 9803 );024311204000509803;ENVIGADO
CL 27 SUR CR 28 -270 (INTERIOR 601 );022217008002700601;ENVIGADO
CL 27 D SUR CR 27 C -150 (INTERIOR 902 );022217407301500902;ENVIGADO
CR 45 A CL 34 SUR -57 (INTERIOR 306 );023425104000570306;ENVIGADO
CL 38 SUR CR 29 A -25 (INTERIOR 202 );023218009100250202;ENVIGADO
CL 53 C SUR CR 40 B -160 (INTERIOR 312 );025413300201600312;ENVIGADO
CR 39 E CL 48 C SUR -103 (INTERIOR 203 );024329508301030203;ENVIGADO
CL 46 SUR CR 46 C -100 (INTERIOR 325 );024416006301000325;ENVIGADO
TRAN 35 B SUR DIAG 31 A -20;023395201100200000;ENVIGADO
CL 19 SUR CR 45 -73 (INTERIOR 301 );021419005000730301;ENVIGADO
CL 29 SUR CR 45 A -60 (INTERIOR 519 );022419005100600519;ENVIGADO
CL 41 B SUR CR 25 A -71 (INTERIOR 146 );024211205100710146;ENVIGADO
CL 41 SUR CR 25 -149 (INTERIOR 180 );024211005001490180;ENVIGADO
CL 40 SUR CR 44 -9 (INTERIOR 202 );024410004000090202;ENVIGADO
CL 40 F SUR CR 32 B -35 (INTERIOR 9908 );024310602200359908;ENVIGADO
CL 45 SUR CR 43 A -96;024415003100960000;ENVIGADO
CL 40 A SUR CR 24 B -105 (INTERIOR 1139 );024210104201051139;ENVIGADO
CL 41 A SUR CR 27 A -70 (INTERIOR 1311 );024211107100701311;ENVIGADO
CR 39 E CL 48 C SUR -36 (INTERIOR 1207 );024329508300361207;ENVIGADO
CR 29 A CL 39 SUR -34 (INTERIOR 408 );023229109000340408;ENVIGADO
CL 40 A SUR CR 34 A -20 (INTERIOR 301 );024310104100200301;ENVIGADO
CR 25 A CL 41 SUR -74;024225101000740000;ENVIGADO
CL 20 SUR CR 45 -70 (INTERIOR 801 );022410005000700801;ENVIGADO
TRAN 36 SUR DIAG 29 -84;023296009000840000;ENVIGADO
CL 39 B SUR CR 34 A -67;023319204100670000;ENVIGADO
CL 36 SUR CR 38 -11;023316008000110000;ENVIGADO
CR 46 A CL 29 SUR -20 (INTERIOR 314 );022426109000200314;ENVIGADO
CL 27 SUR CR 28 -49 (INTERIOR 501 );022217008000490501;ENVIGADO
CL 25 A SUR CR 42 B -61 (INTERIOR 117 );022415102200610117;ENVIGADO
CR 45 CL 26 SUR -21 (INTERIOR 303 );022425006000210303;ENVIGADO
CR 27 C CL 23 SUR -51 (INTERIOR 128 );022227303000510128;ENVIGADO
CR 25 A CL 38 D SUR -45;023225108400450000;ENVIGADO
CL 38 SUR CR 41 -73;023418001000730000;ENVIGADO
CR 25 A CL 38 D SUR -30 (INTERIOR 1905 );023225108400301905;ENVIGADO
CR 25 A CL 38 D SUR -30 (INTERIOR 1204 );023225108400301204;ENVIGADO
CL 39 A SUR CR 43 A -161 (INTERIOR 1106 );023419103101611106;ENVIGADO
CL 40 D SUR CR 39 -98 (INTERIOR 209 );024310409000980209;ENVIGADO
CL 27 D SUR CR 27 C -150 (INTERIOR 1403 );022217407301501403;ENVIGADO
CL 41 SUR CR 25 A -119 (INTERIOR 177 );024211005101190177;ENVIGADO
CR 40 A CL 40 D SUR -4 (INTERIOR 401 );024420100400040401;ENVIGADO
CL 39 SUR CR 37 -41;023319007000410000;ENVIGADO
CR 36 D CL 43 SUR -49 (INTERIOR 207 );024326403000490207;ENVIGADO
CL 23 SUR CR 44 -56 (INTERIOR 602 );022413004000560602;ENVIGADO
DIAG 32 D TRAN 32 A SUR -11 (INTERIOR 302 );023372402100110302;ENVIGADO
CL 27 D SUR CR 27 C -150 (INTERIOR 1402 );022217407301501402;ENVIGADO
CR 45 A CL 33 B SUR -28;023425103200280000;ENVIGADO
CL 27 SUR CR 27 D -79 (INTERIOR 816 );022217007400790816;ENVIGADO
CL 41 SUR CR 25 A -79;024211005100790000;ENVIGADO
TRAN 32 C SUR DIAG 33 -33;023392303000330000;ENVIGADO
CR 32 CL 41 AA SUR -14 (INTERIOR 303 );024322001110140303;ENVIGADO
CL 27 SUR CR 27 -92 (INTERIOR 1508 );022217007000921508;ENVIGADO
CL 22 SUR CR 44 -80 (INTERIOR 804 );022412004000800804;ENVIGADO
TRAN 32 SUR DIAG 32 D -11 (INTERIOR 201 );023392002400110201;ENVIGADO
CL 37 B SUR CR 27 AA -71 (INTERIOR 507 );023217207110710507;ENVIGADO
CR 28 CL 37 B SUR -51 (INTERIOR 102 );023228007200510102;ENVIGADO
CR 39 CL 36 SUR -14 (INTERIOR 201 );023329006000140201;ENVIGADO
CL 48 A SUR CR 39 B -24;024318109200240000;ENVIGADO
CR 27 C CL 23 SUR -152 (INTERIOR 101 );022227303001520101;ENVIGADO
CL 22 SUR CR 44 -80 (INTERIOR 707 );022412004000800707;ENVIGADO
CL 28 SUR CR 27 -201 (INTERIOR 1309 );022218007002011309;ENVIGADO
CR 32 CL 38 A SUR -57 (INTERIOR 301 );023322008100570301;ENVIGADO
CL 41 B SUR CR 34 -50 (INTERIOR 506 );024311204000500506;ENVIGADO
CL 27 SUR CR 27 B -100 (INTERIOR 111 );022217007201000111;ENVIGADO
CL 25 C SUR CR 45 -57 (INTERIOR 906 );022415305000570906;ENVIGADO
CR 40 B CL 52 B SUR -99 (INTERIOR 101 );025420202200990101;ENVIGADO
CL 38 A SUR CR 43 -53 (INTERIOR 301 );023418103000530301;ENVIGADO
CL 27 SUR CR 28 -49 (INTERIOR 1101 );022217008000491101;ENVIGADO
CL 40 A SUR CR 24 B -105 (INTERIOR 628 );024210104201050628;ENVIGADO
CR 46 A CL 45 BB SUR -106 (INTERIOR 302 );024426105221060302;ENVIGADO
CR 41 CL 40 B SUR -23 (INTERIOR 301 );024421000200230301;ENVIGADO
CL 26 A SUR CR 28 C -24;022216108300240000;ENVIGADO
CL 27 SUR CR 27 D -79 (INTERIOR 506 );022217007400790506;ENVIGADO
CL 37 SUR CR 27 -90 (INTERIOR 819 );023217007000900819;ENVIGADO
CL 41 SUR CR 25 A -75;024211005100750000;ENVIGADO
TRAN 32 C SUR DIAG 31 E -9 (INTERIOR 202 );023392301500090202;ENVIGADO
CL 46 SUR CR 46 C -100 (INTERIOR 516 );024416006301000516;ENVIGADO
CR 25 AA CL 39 SUR -30;023225119000300000;ENVIGADO
CL 8 CR 20 -9 (INTERIOR 202 );210218000000090202;GIRARDOTA
CR 61 CL 33 -65 (INTERIOR 2601 );073621003000652601;ITAGUI
CL 45 CR 54 -50 (INTERIOR 301 );074515004000500301;ITAGUI
CR 69 CL 26 -16 (INTERIOR 301 );072629006000160301;ITAGUI
DIAG 40 CL 32 -54 (INTERIOR 114 );073470002000540114;ITAGUI
CR 58 CL 65 -19;076528005000190000;ITAGUI
CR 59 CL 70 -349 (INTERIOR 1035 );077529000003491035;ITAGUI
CR 70 CL 33 A -51 (INTERIOR 301 );073720003100510301;ITAGUI
CR 57 A CL 62 -24;076527102000240000;ITAGUI
CR 65 CL 28 -32 (INTERIOR 201 );072625008000320201;ITAGUI
CL 28 A CR 54 B -15 (INTERIOR 201 );072518104200150201;ITAGUI
CL 85 CR 50 A -31;078515000100310000;ITAGUI
CL 32 CR 61 -230 (INTERIOR 922 );073612001002300922;ITAGUI
CL 35 B CR 69 B -40 (INTERIOR 301 );073615209200400301;ITAGUI
CL 85 CR 50 A -21;078515000100210000;ITAGUI
CL 29 A CR 50 A -26 (INTERIOR 101 );072519100100260101;ITAGUI
CR 61 CL 33 -65 (INTERIOR 1006 );073621003000651006;ITAGUI
CR 63 CL 33 -60 (INTERIOR 2402 );073623003000602402;ITAGUI
CL 60 CR 55 -12 (INTERIOR 201 );076510005000120201;ITAGUI
CL 38 A CR 56 -61;073518106000610000;ITAGUI
CL 75 SUR CR 52 G -101 (INTERIOR 1335 );777515002701011335;ITAGUI
CR 61 CL 33 -65 (INTERIOR 603 );073621003000650603;ITAGUI
CR 65 A CL 39 -33;073625109000330000;ITAGUI
CR 55 B CL 56 -26;075525206000260000;ITAGUI
CR 68 CL 36 -106 (INTERIOR 202 );073628006001060202;ITAGUI
CL 84 CR 58 -50 (INTERIOR 2015 );078514008000502015;ITAGUI
CR 55 AA CL 56 -15 (INTERIOR 121 );075525116000150121;ITAGUI
CR 53 B CL 13 A SUR -65 (INTERIOR 135 );771523203100650135;ITAGUI
CR 65 CL 34 A -49;073625004100490000;ITAGUI
CL 35 CR 51 -24 (INTERIOR 201 );073515001000240201;ITAGUI
CL 45 CR 50 A -51 (INTERIOR 301 );074515000100510301;ITAGUI
CL 71 CR 52 A -103 (INTERIOR 301 );077511002101030301;ITAGUI
CL 63 C CR 55 -42 (INTERIOR 201 );076513305000420201;ITAGUI
CR 70 CL 31 -101;073720001001010000;ITAGUI
CR 61 CL 33 -65 (INTERIOR 906 );073621003000650906;ITAGUI
CR 52 F CL 73 -54 (INTERIOR 202 );077522603000540202;ITAGUI
CR 50 A CL 73 A -62 (INTERIOR 201 );077520103100620201;ITAGUI
CR 61 CL 33 -65 (INTERIOR 1805 );073621003000651805;ITAGUI
CL 70 CR 59 -193 (INTERIOR 454 );077510009001930454;ITAGUI
CR 55 A CL 44 A -3;074525104100030000;ITAGUI
CL 34 A CR 46 -5 (INTERIOR 201 );073414106000050201;ITAGUI
CR 61 CL 33 -65 (INTERIOR 1906 );073621003000651906;ITAGUI
CL 28 CR 56 A -12 (INTERIOR 301 );072518006100120301;ITAGUI
CL 29 A CR 68 -23;072619108000230000;ITAGUI
CL 14 SUR CR 58 -60 (INTERIOR 1509 );771514008000601509;ITAGUI
CR 47 CL 75 -67 (INTERIOR 301 );077427005000670301;ITAGUI
CL 37 B CR 58 -93 (INTERIOR 102 );073517208000930102;ITAGUI
CR 61 CL 33 -65 (INTERIOR 1808 );073621003000651808;ITAGUI
CR 58 CL 77 -41 (INTERIOR 452 );077528007000410452;ITAGUI
CR 50 CL 86 -45;078520006000450000;ITAGUI
CR 59 CL 75 AA SUR -75 (INTERIOR 17 );037529005110750017;LA ESTRELLA
CL 87 SUR CR 55 -192 (INTERIOR 903 );038517005001920903;LA ESTRELLA
CL 87 SUR CR 55 -192 (INTERIOR 1601 );038517005001921601;LA ESTRELLA
CL 78 SUR CR 50 F -13;037518000600130000;LA ESTRELLA
CR 56 C CL 83 DD SUR -201 (INTERIOR 1305 );038526303442011305;LA ESTRELLA
CL 77 A SUR CR 55 -86;037517105000860000;LA ESTRELLA
CR 57 CL 75 AA SUR -7;037527005110070000;LA ESTRELLA
CR 51 CL 98 SUR -237 (INTERIOR 1106 );039521008002371106;LA ESTRELLA
CR 60 CL 75 AA SUR -75 (INTERIOR 170 );037620005110750170;LA ESTRELLA
CR 51 CL 98 SUR -237 (INTERIOR 1620 );039521008002371620;LA ESTRELLA
CL 59 CR 132 -67;085319002000670000;MEDELLIN
CR 49 CL 61 -28;056429001000280000;MEDELLIN
CR 77 CL 60 -45 (INTERIOR 2507 );056727000000452507;MEDELLIN
CL 52 B SUR CR 72 -132;045712202001320000;MEDELLIN
CR 65 G CL 20 -9 (INTERIOR 401 );052625700000090401;MEDELLIN
CL 103 C CR 66 -8 (INTERIOR 301 );060613306000080301;MEDELLIN
CR 32 CL 5 G -70 (INTERIOR 3203 );050322005700703203;MEDELLIN
CR 84 D CL 104 DD -18;060824404440180000;MEDELLIN
CL 92 A CR 36 -82 (INTERIOR 301 );059312106000820301;MEDELLIN
CL 57 F CR 92 CC -89 (INTERIOR 347 );055917602330890347;MEDELLIN
CL 42 CR 108 A -120 (INTERIOR 208 );084012008101200208;MEDELLIN
CL 81 CR 45 -57 (INTERIOR 201 );058411005000570201;MEDELLIN
CR 74 D CL 75 -19 (INTERIOR 204 );057724405000190204;MEDELLIN
CR 37 A CL 11 B -73 (INTERIOR 804 );051327101200730804;MEDELLIN
CR 40 CL 67 -45 (INTERIOR 203 );056420007000450203;MEDELLIN
CL 89 CR 47 -4;058419007000040000;MEDELLIN
CL 50 CR 42 -13 (INTERIOR 401 );055410002000130401;MEDELLIN
CR 28 CL 29 -85 (INTERIOR 306 );052228009000850306;MEDELLIN
CL 16 A CR 43 B -126 (INTERIOR 202 );051416103201260202;MEDELLIN
CL 10 SUR CR 54 -133 (INTERIOR 202 );041510004001330202;MEDELLIN
CR 29 A CL 7 B -91 (INTERIOR 604 );050229107200910604;MEDELLIN
CR 78 CL 104 C -22;060728004300220000;MEDELLIN
CL 3 CR 43 B -48 (INTERIOR 319 );050413003200480319;MEDELLIN
CL 31 B CR 89 A -26 (INTERIOR 302 );053811209100260302;MEDELLIN
CR 75 CL 91 -44 (INTERIOR 301 );059725001000440301;MEDELLIN
CL 48 D CR 99 B -271;054918409202710000;MEDELLIN
CR 75 B CL 98 -112 (INTERIOR 201 );059725208001120201;MEDELLIN
CL 109 CR 37 -51 (INTERIOR 301 );060319007000510301;MEDELLIN
CL 64 A CR 39 -75;056314109000750000;MEDELLIN
CR 29 CL 43 -24;054229003000240000;MEDELLIN
CR 74 CL 91 -75;059724001000750000;MEDELLIN
CR 88 CL 37 A -37 (INTERIOR 1709 );053828007100371709;MEDELLIN
CL 39 CR 91 -38;053919001000380000;MEDELLIN
CL 42 D SUR CR 64 B -34 (INTERIOR 102 );044612404200340102;MEDELLIN
CR 81 CL 52 -41 (INTERIOR 601 );055821002000410601;MEDELLIN
CL 7 SUR CR 23 -3 (INTERIOR 1201 );040217003000031201;MEDELLIN
CL 30 CR 80 -56 (INTERIOR 201 );053810000000560201;MEDELLIN
CL 65 CR 90 -90 (INTERIOR 1705 );056915000000901705;MEDELLIN
CR 69 B CL 32 C -62 (INTERIOR 201 );053629202300620201;MEDELLIN
CR 74 CL 101 B -7;060724001200070000;MEDELLIN
CR 41 A CL 30 C -56 (INTERIOR 102 );053421100300560102;MEDELLIN
CL 44 SUR CR 80 -11 (INTERIOR 319 );044814000000110319;MEDELLIN
CL 6 SUR CR 80 AA -49 (INTERIOR 212 );040816000110490212;MEDELLIN
CR 72 CL 93 -56;059722003000560000;MEDELLIN
CL 43 E CR 7 D -22;054013507400220000;MEDELLIN
CL 20 A CR 77 -15 (INTERIOR 711 );052710107000150711;MEDELLIN
CL 6 A CR 16 -45 (INTERIOR 704 );050116106000450704;MEDELLIN
CL 93 A CR 38 -25 (INTERIOR 201 );059313108000250201;MEDELLIN
CL 64 BB CR 105 A -97 (INTERIOR 9803 );086014225100979803;MEDELLIN
CR 89 CL 37 A -36 (INTERIOR 201 );053829007100360201;MEDELLIN
CR 65 CL 95 -31;059625005000310000;MEDELLIN
CR 74 CL 53 -118 (INTERIOR 512 );055724003001180512;MEDELLIN
CL 45 E DIAG 80 A -53 (INTERIOR 301 );054815500100530301;MEDELLIN
CR 71 CL 53 -12 (INTERIOR 301 );055721003000120301;MEDELLIN
CL 65 CR 97 AE -20 (INTERIOR 1118 );056915007150201118;MEDELLIN
CR 78 A CL 92 -176 (INTERIOR 202 );059728102001760202;MEDELLIN
CL 55 CR 43 -45 (INTERIOR 103 );055415003000450103;MEDELLIN
CR 28 CC CL 108 DD -24 (INTERIOR 201 );060228338440240201;MEDELLIN
CR 29 D CL 7 A -85 (INTERIOR 101 );050229407100850101;MEDELLIN
CR 48 CL 95 -20 (INTERIOR 201 );059428005000200201;MEDELLIN
CR 48 CL 95 -20 (INTERIOR 301 );059428005000200301;MEDELLIN
CL 71 A CR 33 -47 (INTERIOR 301 );057311103000470301;MEDELLIN
CL 59 CR 51 -60 (INTERIOR 200 );055519001000600200;MEDELLIN
CL 88 C CR 66 -33 (INTERIOR 201 );058618306000330201;MEDELLIN
CL 21 CR 54 -54;052511004000540000;MEDELLIN
CR 55 CL 5 -124 (INTERIOR 301 );050525005001240301;MEDELLIN
CL 45 B CR 75 -109;054715205001090000;MEDELLIN
CR 49 CL 99 -13 (INTERIOR 9801 );059429009000139801;MEDELLIN
CL 44 CR 89 -56 (INTERIOR 104 );054814009000560104;MEDELLIN
CR 78 CL 88 -55;058728008000550000;MEDELLIN
CR 73 C CL 74 -247 (INTERIOR 1804 );057723304002471804;MEDELLIN
CR 51 A CL 7 SUR -67 (INTERIOR 401 );040521107000670401;MEDELLIN
CR 70 CL 93 -56;059720003000560000;MEDELLIN
CL 107 CR 37 B -7 (INTERIOR 301 );060317007200070301;MEDELLIN
CR 48 CL 95 -20 (INTERIOR 202 );059428005000200202;MEDELLIN
CL 4 A CR 79 B -54 (INTERIOR 102 );050714109200540102;MEDELLIN
CR 37 CL 18 SUR -33 (INTERIOR 1202 );041327008000331202;MEDELLIN
CL 47 CR 43 -114 (INTERIOR 207 );054417003001140207;MEDELLIN
CR 86 A CL 77 CC -33;057826107330330000;MEDELLIN
CR 72 B CL 94 -34 (INTERIOR 302 );059722204000340302;MEDELLIN
CL 77 DD CR 91 -101 (INTERIOR 301 );057917441001010301;MEDELLIN
CR 30 CL 39 -85 (INTERIOR 101 );053320009000850101;MEDELLIN
CR 48 CL 95 -20 (INTERIOR 203 );059428005000200203;MEDELLIN
CR 88 CL 77 CC -4 (INTERIOR 201 );057828007330040201;MEDELLIN
CL 49 E CR 83 A -91 (INTERIOR 110 );054819503100910110;MEDELLIN
CL 56 CR 14 -36 (INTERIOR 105 );055116004000360105;MEDELLIN
CL 68 C CR 96 F -23 (INTERIOR 305 );056918306600230305;MEDELLIN
CR 74 CL 19 -15;051724009000150000;MEDELLIN
CR 75 CL 21 -23 (INTERIOR 202 );052725001000230202;MEDELLIN
CL 48 D CR 99 B -303 (INTERIOR 144 );054918409203030144;MEDELLIN
CR 40 CL 40 -30;054420000000300000;MEDELLIN
CL 39 CR 66 -17 (INTERIOR 603 );053619006000170603;MEDELLIN
CR 78 CL 33 A -28 (INTERIOR 401 );053728003100280401;MEDELLIN
CR 84 CL 34 A -37 (INTERIOR 101 );053824004100370101;MEDELLIN
CL 101 DA CR 84 B -55;060811414200550000;MEDELLIN
CR 28 CL 49 -32;054228009000320000;MEDELLIN
CR 82 CL 46 -67 (INTERIOR 403 );054822006000670403;MEDELLIN
CL 19 CR 43 G -80 (INTERIOR 1013 );051419003700801013;MEDELLIN
CL 39 CR 88 -39 (INTERIOR 401 );053819008000390401;MEDELLIN
CR 85 D CL 34 -106 (INTERIOR 402 );053825404001060402;MEDELLIN
CL 116 A CR 64 BB -16 (INTERIOR 201 );061616104220160201;MEDELLIN
CL 80 C CR 89 -90;058810309000900000;MEDELLIN
CL 77 AC CR 75 -165 (INTERIOR 911 );057717135001650911;MEDELLIN
CL 57 C CR 23 -100 (INTERIOR 301 );055217303001000301;MEDELLIN
CL 18 A SUR CR 25 C -25 (INTERIOR 608 );041218105300250608;MEDELLIN
CL 57 CR 36 -75 (INTERIOR 402 );055317006000750402;MEDELLIN
CL 57 CR 50 A -46 (INTERIOR 1501 );055517000100461501;MEDELLIN
CR 73 B CL 98 -18 (INTERIOR 301 );059723208000180301;MEDELLIN
CL 51 A CR 78 -49;055711108000490000;MEDELLIN
CR 72 A CL 16 -52 (INTERIOR 201 );051722106000520201;MEDELLIN
CL 5 SUR CR 22 -290 (INTERIOR 1222 );040215002002901222;MEDELLIN
CR 95 CL 47 A -60 (INTERIOR 325 );054925007100600325;MEDELLIN
CR 37 A CL 29 -56 (INTERIOR 2307 );052327109000562307;MEDELLIN
CR 86 CL 28 -8 (INTERIOR 301 );052826008000080301;MEDELLIN
CL 102 CR 76 A -43 (INTERIOR 201 );060712006100430201;MEDELLIN
CL 14 CR 75 -13 (INTERIOR 912 );051714005000130912;MEDELLIN
CL 49 CR 99 E -161 (INTERIOR 202 );054919009501610202;MEDELLIN
CR 72 A CL 98 -113;059722108001130000;MEDELLIN
CR 66 CL 97 -50;059626007000500000;MEDELLIN
CR 93 CL 62 B -33 (INTERIOR 201 );056923002200330201;MEDELLIN
CR 69 CL 98 -112 (INTERIOR 201 );059629008001120201;MEDELLIN
CL 7 CR 80 -75 (INTERIOR 1310 );050817000000751310;MEDELLIN
CL 34 CC CR 89 -102;053814339001020000;MEDELLIN
CR 42 CL 7 A SUR -92 (INTERIOR 1709 );040422007100921709;MEDELLIN
CL 49 CR 36 -78 (INTERIOR 302 );054319006000780302;MEDELLIN
CL 27 CR 76 -32;052717006000320000;MEDELLIN
CL 96 A CR 76 -38 (INTERIOR 201 );059716106000380201;MEDELLIN
CL 15 A CR 83 -2 (INTERIOR 301 );051815103000020301;MEDELLIN
CL 43 CR 93 -59 (INTERIOR 201 );054913003000590201;MEDELLIN
CR 84 F CL 18 A -39;051824608100390000;MEDELLIN
CR 85 A CL 80 -11 (INTERIOR 202 );058825100000110202;MEDELLIN
CR 76 A CL 53 -215 (INTERIOR 1006 );055726103002151006;MEDELLIN
CL 9 SUR CR 79 C -115 (INTERIOR 3319 );040719009301153319;MEDELLIN
CL 6 A CR 16 -15 (INTERIOR 801 );050116106000150801;MEDELLIN
CR 64 C CL 48 -71 (INTERIOR 302 );054624308000710302;MEDELLIN
CL 76 F CR 84 -41;057816604000410000;MEDELLIN
CL 5 CR 76 A -150 (INTERIOR 1604 );050715006101501604;MEDELLIN
CL 111 D CR 64 A -78 (INTERIOR 101 );061611404100780101;MEDELLIN
CL 63 CR 80 A -40 (INTERIOR 803 );056813000100400803;MEDELLIN
CL 97 C CR 84 -40;059817304000400000;MEDELLIN
CR 68 CL 92 D -24;059628002400240000;MEDELLIN
CL 30 A CR 78 A -23 (INTERIOR 401 );053710108100230401;MEDELLIN
CL 41 A CR 120 E -56;084211100500560000;MEDELLIN
CL 6 SUR CR 32 A -80 (INTERIOR 201 );040316002100800201;MEDELLIN
CL 86 AD CR 32 -31;058316142000310000;MEDELLIN
CL 18 A SUR CR 25 C -25 (INTERIOR 1406 );041218105300251406;MEDELLIN
CL 111 D CR 64 A -78;061611404100780000;MEDELLIN
CR 86 CL 47 -14 (INTERIOR 201 );054826007000140201;MEDELLIN
CL 65 CR 80 A -28 (INTERIOR 1701 );056815000100281701;MEDELLIN
CL 104 E CR 75 -43;060714505000430000;MEDELLIN
CL 19 CR 72 -26;051719002000260000;MEDELLIN
CR 76 CL 108 -6 (INTERIOR 201 );060726008000060201;MEDELLIN
CR 72 CL 94 -51;059722004000510000;MEDELLIN
CL 77 CC CR 83 -10 (INTERIOR 304 );057817333000100304;MEDELLIN
CR 99 EE CL 49 AA -49 (INTERIOR 154 );054929559110490154;MEDELLIN
CR 79 C CL 8 SUR -50 (INTERIOR 1556 );040729308000501556;MEDELLIN
CL 31 A CR 89 C -26 (INTERIOR 201 );053811109300260201;MEDELLIN
CL 17 CR 27 A -109 (INTERIOR 315 );051217007101090315;MEDELLIN
CR 86 CL 98 C -12;059826008300120000;MEDELLIN
CL 77 BB CR 86 A -59;057817226100590000;MEDELLIN
CR 81 CL 4 G -35 (INTERIOR 1308 );050821004700351308;MEDELLIN
CL 21 CR 81 -70 (INTERIOR 317 );052811001000700317;MEDELLIN
CR 99 EE CL 49 AA -49 (INTERIOR 176 );054929559110490176;MEDELLIN
CL 105 CR 74 A -25;060715004100250000;MEDELLIN
CR 81 CL 45 -22 (INTERIOR 201 );054821005000220201;MEDELLIN
CL 42 SUR CR 76 A -10;044712006100100000;MEDELLIN
CL 16 CR 24 C -15 (INTERIOR 1712 );051216004300151712;MEDELLIN
CL 20 SUR CR 25 B -265 (INTERIOR 809 );042210005202650809;MEDELLIN
CR 21 E CL 58 -45 (INTERIOR 109 );055221508000450109;MEDELLIN
CL 44 CR 29 -76;054214009000760000;MEDELLIN
CR 15 A CL 36 -52;053125106000520000;MEDELLIN
CL 7 A CR 22 -74 (INTERIOR 109 );050217102000740109;MEDELLIN
CL 23 CR 41 -55 (INTERIOR 2103 );052413001000552103;MEDELLIN
CR 6 A CL 47 A -40 (INTERIOR 1764 );054026107100401764;MEDELLIN
CR 39 B CL 44 -65;054329204000650000;MEDELLIN
CR 45 A CL 44 -67 (INTERIOR 101 );054425104000670101;MEDELLIN
CL 9 SUR CR 32 -87 (INTERIOR 602 );040319002000870602;MEDELLIN
CL 57 CR 40 -41;055417000000410000;MEDELLIN
CL 55 CR 36 -16 (INTERIOR 702 );055315006000160702;MEDELLIN
CR 35 CL 10 B -116 (INTERIOR 402 );051325000201160402;MEDELLIN
CR 31 B CL 83 -26 (INTERIOR 112 );058321203000260112;MEDELLIN
CL 50 A CR 20 -123 (INTERIOR 402 );055210100001230402;MEDELLIN
CL 83 F CR 58 A -55 (INTERIOR 152 );058513608100550152;MEDELLIN
CR 42 CL 18 B -62 (INTERIOR 1002 );051422008200621002;MEDELLIN
CR 29 A CL 7 B -91 (INTERIOR 602 );050229107200910602;MEDELLIN
CR 43 A CL 85 -178;058423105001780000;MEDELLIN
CR 36 CL 41 -56 (INTERIOR 301 );054326001000560301;MEDELLIN
CR 37 A CL 11 B -73 (INTERIOR 404 );051327101200730404;MEDELLIN
CR 49 C CL 99 -5 (INTERIOR 401 );059429309000050401;MEDELLIN
CL 34 CR 34 C -191 (INTERIOR 1103 );053314004301911103;MEDELLIN
CL 32 CR 33 B -32;053312003200320000;MEDELLIN
CR 15 CL 36 -5;053125006000050000;MEDELLIN
CL 58 CR 27 A -53;055218007100530000;MEDELLIN
CR 46 CL 15 SUR -54 (INTERIOR 602 );041426005000540602;MEDELLIN
CR 75 CL 25 -20 (INTERIOR 101 );052725005000200101;MEDELLIN
CR 48 CL 95 -20 (INTERIOR 302 );059428005000200302;MEDELLIN
CR 50 BB CL 78 -16;057520228000160000;MEDELLIN
CR 31 AA CL 81 B -20;058321111200200000;MEDELLIN
CR 49 CL 72 -27 (INTERIOR 9901 );057429002000279901;MEDELLIN
CR 43 D CL 100 -52 (INTERIOR 301 );060423400000520301;MEDELLIN
CL 32 CR 28 A -26 (INTERIOR 202 );053212008100260202;MEDELLIN
CL 17 CR 27 A -109 (INTERIOR 1807 );051217007101091807;MEDELLIN
CL 65 F CR 46 -57 (INTERIOR 401 );056415606000570401;MEDELLIN
CR 45 D CL 59 -36;055425409000360000;MEDELLIN
CR 35 CL 8 SUR -22 (INTERIOR 602 );040325008000220602;MEDELLIN
CL 14 CR 30 -170;051314000001700000;MEDELLIN
CR 79 C CL 8 SUR -50 (INTERIOR 1424 );040729308000501424;MEDELLIN
CR 109 CL 34 B -31 (INTERIOR 202 );083029004200310202;MEDELLIN
CL 94 D CR 83 D -55;059814403400550000;MEDELLIN
CL 104 CR 72 -67;060714002000670000;MEDELLIN
CL 45 B CR 77 -72;054715207000720000;MEDELLIN
CR 76 CL 53 -90 (INTERIOR 910 );055726003000900910;MEDELLIN
CR 82 B CL 20 A -12;052822200100120000;MEDELLIN
CL 38 SUR CR 82 -14;043818002000140000;MEDELLIN
CR 71 A CL 85 A -21 (INTERIOR 103 );058721105100210103;MEDELLIN
CR 65 F CL 31 -40 (INTERIOR 718 );053625601000400718;MEDELLIN
CL 23 CR 70 A -9;052713000100090000;MEDELLIN
CR 81 CL 4 G -35 (INTERIOR 608 );050821004700350608;MEDELLIN
CL 49 B CR 99 B -205 (INTERIOR 104 );054919209202050104;MEDELLIN
CR 83 CL 15 -16;051823005000160000;MEDELLIN
CL 34 AA CR 125 -53 (INTERIOR 124 );083214115000530124;MEDELLIN
CL 38 CR 66 A -15 (INTERIOR 602 );053618006100150602;MEDELLIN
CIRC 76 CL 37 -60 (INTERIOR 301 );053756007000600301;MEDELLIN
CL 117 CR 70 -18 (INTERIOR 401 );061717000000180401;MEDELLIN
CR 79 A CL 77 BB -100 (INTERIOR 809 );057729107221000809;MEDELLIN
CL 9 B SUR CR 79 A -101 (INTERIOR 1213 );040719209101011213;MEDELLIN
CR 76 CL 94 -14;059726004000140000;MEDELLIN
CL 9 B SUR CR 53 -50;040519203000500000;MEDELLIN
CL 48 D CR 99 B -287 (INTERIOR 130 );054918409202870130;MEDELLIN
CL 48 D CR 99 B -303 (INTERIOR 248 );054918409203030248;MEDELLIN
CR 82 CL 33 -34 (INTERIOR 501 );053822003000340501;MEDELLIN
CR 93 B CL 38 -133 (INTERIOR 107 );053923208001330107;MEDELLIN
CR 67 B CL 48 D -75 (INTERIOR 301 );054627208400750301;MEDELLIN
CR 95 CL 70 GC -50 (INTERIOR 601 );057925000730500601;MEDELLIN
CR 82 C CL 104 C -35;060822304300350000;MEDELLIN
CL 38 A CR 108 -40;083018108000400000;MEDELLIN
CR 110 CL 38 -23;083120008000230000;MEDELLIN
CR 88 CL 37 A -37 (INTERIOR 1205 );053828007100371205;MEDELLIN
CR 125 CL 34 AA -82;083225004110820000;MEDELLIN
CR 74 CL 53 -118 (INTERIOR 810 );055724003001180810;MEDELLIN
CL 49 A CR 99 AB -27;054919109120270000;MEDELLIN
CL 49 CR 99 F -13 (INTERIOR 201 );054919009600130201;MEDELLIN
CL 79 D CR 68 A -25;057619408100250000;MEDELLIN
CR 78 A CL 49 A -25;054728109100250000;MEDELLIN
CR 77 A CL 107 A -36 (INTERIOR 401 );060727107100360401;MEDELLIN
CR 75 A CL 97 -58;059725107000580000;MEDELLIN
CR 81 A CL 37 C -14;053821107300140000;MEDELLIN
CR 96 B CL 49 -36;054926209000360000;MEDELLIN
CL 123 CR 50 C -34 (INTERIOR 201 );062513000300340201;MEDELLIN
CL 97 A CR 85 -21;059817105000210000;MEDELLIN
TRAN 39 CIRC 72 -113 (INTERIOR 101 );053799002001130101;MEDELLIN
CL 21 A CR 76 -25;052711106000250000;MEDELLIN
CR 143 CL 65 -20;086423005000200000;MEDELLIN
CR 70 CL 30 C -15 (INTERIOR 201 );053720000300150201;MEDELLIN
CL 20 A CR 77 -15 (INTERIOR 111 );052710107000150111;MEDELLIN
CR 94 CL 57 C -48;055924007300480000;MEDELLIN
CL 108 CR 68 A -118 (INTERIOR 301 );060618008101180301;MEDELLIN
CL 47 B CR 94 -81 (INTERIOR 203 );054917204000810203;MEDELLIN
CR 86 CL 45 C -60 (INTERIOR 201 );054826005300600201;MEDELLIN
CR 86 CL 45 C -60 (INTERIOR 202 );054826005300600202;MEDELLIN
CR 86 CL 45 C -60 (INTERIOR 203 );054826005300600203;MEDELLIN
CR 82 C CL 104 CC -18;060822304330180000;MEDELLIN
CL 47 CR 43 -114 (INTERIOR 1004 );054417003001141004;MEDELLIN
CL 47 CR 43 -114 (INTERIOR 1001 );054417003001141001;MEDELLIN
CL 8 CR 84 F -25 (INTERIOR 219 );050818004600250219;MEDELLIN
CR 73 C CL 74 -85 (INTERIOR 502 );057723304000850502;MEDELLIN
CR 90 A CL 48 E -83;054920108500830000;MEDELLIN
CR 90 A CL 48 E -85;054920108500850000;MEDELLIN
CR 37 CL 107 B -1;060327007200010000;MEDELLIN
CL 48 DD CR 99 CC -3 (INTERIOR 201 );054918449330030201;MEDELLIN
CL 36 CR 93 A -7;053916003100070000;MEDELLIN
CR 71 CL 103 -15 (INTERIOR 301 );060721003000150301;MEDELLIN
CR 76 CL 92 -199;059726002001990000;MEDELLIN
CR 83 A CL 34 A -23 (INTERIOR 1308 );053823104100231308;MEDELLIN
CL 80 DIAG 95 A -96 (INTERIOR 201 );058910005100960201;MEDELLIN
DIAG 64 CL 52 -16 (INTERIOR 301 );055624002000160301;MEDELLIN
CR 65 CC CL 32 B -34 (INTERIOR 101 );053625332200340101;MEDELLIN
CL 77 AC CR 75 -165 (INTERIOR 1004 );057717135001651004;MEDELLIN
CL 7 CR 81 -40 (INTERIOR 405 );050817001000400405;MEDELLIN
CL 31 A CR 78 -55 (INTERIOR 702 );053711108000550702;MEDELLIN
CR 44 CL 19 A -20 (INTERIOR 1508 );051424009100201508;MEDELLIN
TRAN 45 D CR 85 -27;054815405000270000;MEDELLIN
CR 76 CL 53 -90 (INTERIOR 809 );055726003000900809;MEDELLIN
CR 32 CL 6 SUR -185 (INTERIOR 401 );040322006001850401;MEDELLIN
CR 52 CL 100 -52 (INTERIOR 139 );060522000000520139;MEDELLIN
CL 12 C SUR CR 54 -48 (INTERIOR 202 );041512304000480202;MEDELLIN
CR 67 B TRAN 51 A -43 (INTERIOR 603 );055627201100430603;MEDELLIN
CR 70 B CL 119 -12;061720209000120000;MEDELLIN
CR 86 CL 80 A -35;058826000100350000;MEDELLIN
CL 98 A CR 84 A -18 (INTERIOR 101 );059818104100180101;MEDELLIN
CL 16 A SUR CR 45 -25 (INTERIOR 906 );041416105000250906;MEDELLIN
CR 29 C CL 18 A SUR -168 (INTERIOR 1201 );041229308101681201;MEDELLIN
CR 48 CL 11 B SUR -24;041428001200240000;MEDELLIN
CL 47 CR 43 -114 (INTERIOR 703 );054417003001140703;MEDELLIN
CL 84 B CR 34 -34;058314204000340000;MEDELLIN
CL 19 CR 43 G -80 (INTERIOR 909 );051419003700800909;MEDELLIN
CL 55 CR 41 -44 (INTERIOR 1903 );055415001000441903;MEDELLIN
CR 45 A CL 93 -171 (INTERIOR 106 );059425103001710106;MEDELLIN
CL 107 D CR 38 A -53;060317408100530000;MEDELLIN
CR 31 B CL 87 -14;058321207000140000;MEDELLIN
CL 79 CR 47 -10;057419007000100000;MEDELLIN
CL 46 CR 43 -77;054416003000770000;MEDELLIN
CL 5 SUR CR 32 -283 (INTERIOR 501 );040315002002830501;MEDELLIN
CL 1 SUR CR 43 C -281 (INTERIOR 212 );040411003302810212;MEDELLIN
CR 43 CL 57 -40 (INTERIOR 402 );055423007000400402;MEDELLIN
CL 16 CR 24 C -15 (INTERIOR 1409 );051216004300151409;MEDELLIN
CR 45 CL 63 A -20 (INTERIOR 301 );056425003100200301;MEDELLIN
CR 40 CL 44 -60 (INTERIOR 304 );054420004000600304;MEDELLIN
CL 58 CR 21 C -46;055218001300460000;MEDELLIN
CL 12 A CR 36 A -35 (INTERIOR 1101 );051312106100351101;MEDELLIN
CR 44 CL 40 -50;054424000000500000;MEDELLIN
CR 42 D CL 104 -39;060422404000390000;MEDELLIN
CL 5 SUR CR 25 -233 (INTERIOR 1009 );040215005002331009;MEDELLIN
CL 19 CR 43 G -80 (INTERIOR 1012 );051419003700801012;MEDELLIN
CR 32 CL 92 C -38;059322002300380000;MEDELLIN
CL 71 C CR 30 -215 (INTERIOR 143 );057311300002150143;MEDELLIN
CL 10 A CR 10 -190 (INTERIOR 2201 );051110100001902201;MEDELLIN
CR 37 A CL 15 A -69 (INTERIOR 901 );051327105100690901;MEDELLIN
CL 6 A CR 16 -15 (INTERIOR 701 );050116106000150701;MEDELLIN
CL 85 A CR 39 -21 (INTERIOR 109 );058315109000210109;MEDELLIN
CR 31 CL 29 -71 (INTERIOR 9408 );052321009000719408;MEDELLIN
CR 38 CL 6 B SUR -33 (INTERIOR 1001 );040328006200331001;MEDELLIN
CR 35 CL 50 -62;055325000000620000;MEDELLIN
CR 90 CL 36 -57;053920006000570000;MEDELLIN
DIAG 79 A CL 5 -299 (INTERIOR 329 );050729105002990329;MEDELLIN
CR 66 CL 52 SUR -60 (INTERIOR 202 );045626002000600202;MEDELLIN
CL 44 A CR 79 C -58 (INTERIOR 300 );054714109300580300;MEDELLIN
CL 65 CR 80 A -28 (INTERIOR 204 );056815000100280204;MEDELLIN
CR 84 A CL 37 -21 (INTERIOR 502 );053824107000210502;MEDELLIN
CR 87 B CL 45 B -25 (INTERIOR 301 );054827205200250301;MEDELLIN
CL 40 A SUR CR 69 -29 (INTERIOR 301 );044610109000290301;MEDELLIN
CL 34 AA CR 125 -76;083214115000760000;MEDELLIN
CL 34 CR 63 B -31 (INTERIOR 701 );053614003200310701;MEDELLIN
CR 93 A CL 78 A -15;057923108100150000;MEDELLIN
CR 68 A CL 100 A -4;060628100100040000;MEDELLIN
CL 54 CR 77 C -31 (INTERIOR 301 );055714007300310301;MEDELLIN
CL 54 CR 86 A -60 (INTERIOR 381 );055814006100600381;MEDELLIN
CL 6 A CR 16 -15 (INTERIOR 2001 );050116106000152001;MEDELLIN
CL 94 A CR 44 -46 (INTERIOR 301 );059414104000460301;MEDELLIN
CR 68 CL 70 SUR -50 (INTERIOR 314 );047628000000500314;MEDELLIN
CR 85 B CL 77 CC -4 (INTERIOR 301 );057825207330040301;MEDELLIN
CL 68 C CR 96 E -33 (INTERIOR 401 );056918306500330401;MEDELLIN
CL 110 CR 64 D -101 (INTERIOR 301 );061610004401010301;MEDELLIN
CR 83 A CL 34 A -23 (INTERIOR 206 );053823104100230206;MEDELLIN
CL 91 A CR 84 -15 (INTERIOR 201 );059811104000150201;MEDELLIN
CR 73 C CL 74 -247 (INTERIOR 503 );057723304002470503;MEDELLIN
CR 99 A CL 48 A -18 (INTERIOR 101 );054929108100180101;MEDELLIN
CL 66 F CR 97 -105 (INTERIOR 503 );056916607001050503;MEDELLIN
CR 72 A CL 92 -23;059722102000230000;MEDELLIN
CR 80 CL 2 -62;050820002000620000;MEDELLIN
CR 80 CL 2 -64;050820002000640000;MEDELLIN
CL 50 A CR 97 -215 (INTERIOR 1502 );055910107002151502;MEDELLIN
CL 34 C CR 81 -42 (INTERIOR 201 );053814301000420201;MEDELLIN
CL 96 C CR 81 -25;059816301000250000;MEDELLIN
CR 41 A CL 30 C -59 (INTERIOR 101 );053421100300590101;MEDELLIN
CL 102 CR 84 -33;060812004000330000;MEDELLIN
CR 78 CL 3 C -33 (INTERIOR 105 );050728003300330105;MEDELLIN
CR 81 B CL 7 -19 (INTERIOR 102 );050821207000190102;MEDELLIN
DIAG 79 A CL 5 -299 (INTERIOR 303 );050729105002990303;MEDELLIN
CL 30 A CR 65 F -106 (INTERIOR 301 );053610105601060301;MEDELLIN
CL 58 CR 85 E -85;055818005500850000;MEDELLIN
CR 76 A CL 3 C -35 (INTERIOR 1314 );050726103300351314;MEDELLIN
CL 104 CR 68 A -59;060614008100590000;MEDELLIN
CR 73 CL 29 -45 (INTERIOR 402 );052723009000450402;MEDELLIN
CL 31 CR 83 -39 (INTERIOR 1109 );053811003000391109;MEDELLIN
CL 40 A SUR CR 69 -29 (INTERIOR 302 );044610109000290302;MEDELLIN
CL 32 E CR 80 -84;053812500000840000;MEDELLIN
CR 83 A CL 33 -10;053823103000100000;MEDELLIN
CL 49 A CR 65 A -32;054619105100320000;MEDELLIN
CL 98 CC CR 82 G -43 (INTERIOR 202 );059818332700430202;MEDELLIN
CL 19 CR 43 G -80 (INTERIOR 2310 );051419003700802310;MEDELLIN
TRAN 50 CR 102 BB -7 (INTERIOR 104 );085090002220070104;MEDELLIN
CR 92 A CL 47 B -26 (INTERIOR 201 );054922107200260201;MEDELLIN
CL 27 A CR 89 -16;052817109000160000;MEDELLIN
CL 62 D CR 133 -15;086312403000150000;MEDELLIN
CR 89 CL 36 -29 (INTERIOR 202 );053829006000290202;MEDELLIN
CL 48 B CR 89 -11;054818209000110000;MEDELLIN
CR 125 CL 34 AA -199;083225004111990000;MEDELLIN
CR 84 CL 37 B -103 (INTERIOR 200 );053824007201030200;MEDELLIN
CL 73 SUR CR 46 E -15;017413006500150000;SABANETA
CL 78 E SUR CR 47 C -80 (INTERIOR 2613 );017418507300802613;SABANETA
CR 45 CL 77 SUR -40 (INTERIOR 524 );017425007000400524;SABANETA
CL 52 SUR CR 43 A -57 (INTERIOR 312 );015412003100570312;SABANETA
CL 74 SUR CR 45 -27 (INTERIOR 2102 );017414005000272102;SABANETA
CR 48 CL 76 D SUR -34 (INTERIOR 3105 );017428006400343105;SABANETA
CL 61 B SUR CR 40 -20 (INTERIOR 1201 );016411200000201201;SABANETA
CL 74 SUR CR 45 A -16 (INTERIOR 301 );017414005100160301;SABANETA
CR 46 A CL 72 SUR -38 (INTERIOR 302 );017426102000380302;SABANETA
CR 44 CL 62 SUR -33 (INTERIOR 2001 );016424002000332001;SABANETA
CL 76 E SUR CR 46 B -126 (INTERIOR 111 );017416506201260111;SABANETA
CL 76 D SUR CR 48 A -38 (INTERIOR 401 );017416408100380401;SABANETA
CL 77 SUR CR 35 -140 (INTERIOR 116 );017317005001400116;SABANETA
CL 71 SUR CR 35 -180 (INTERIOR 408 );017311005001800408;SABANETA
CL 75 SUR CR 33 -3 (INTERIOR 1209 );017315003000031209;SABANETA
CL 61 B SUR CR 40 -20 (INTERIOR 2802 );016411200000202802;SABANETA
CL 77 SUR CR 46 -180 (INTERIOR 2006 );017417006001802006;SABANETA
CR 46 CL 74 SUR -43 (INTERIOR 602 );017426004000430602;SABANETA
CL 76 E SUR CR 47 -27;017416507000270000;SABANETA
CL 79 SUR CR 46 -71;017419006000710000;SABANETA
CL 76 D SUR CR 47 -47;017416407000470000;SABANETA
CL 70 SUR CR 38 -80 (INTERIOR 1201 );017310008000801201;SABANETA
CL 76 D SUR CR 43 A -79 (INTERIOR 901 );017416403100790901;SABANETA
CL 67 SUR CR 45 -44 (INTERIOR 103 );016417005000440103;SABANETA
CL 65 SUR CR 42 B -14 (INTERIOR 2216 );016415002200142216;SABANETA
CL 55 A SUR CR 38 -130 (INTERIOR 310 );015315108001300310;SABANETA
CL 77 SUR CR 46 -180 (INTERIOR 3001 );017417006001803001;SABANETA
CL 68 SUR CR 45 -30 (INTERIOR 302 );016418005000300302;SABANETA
CL 78 E SUR CR 47 C -80 (INTERIOR 2314 );017418507300802314;SABANETA
